Year,Emergency Department Visits,Hospitalizations,Deaths,Total
2001,420.6,82.7,18.5,521
2002,433.9,85.6,18.3,537.20000000000005
2003,423.3,94.6,18.2,535.4
2004,486.3,97.6,18.100000000000001,601.29999999999995
2005,505,92.8,18.600000000000001,615.70000000000005
2006,478.9,98.7,18.2,595.1
2007,457.5,91.7,18.2,566.70000000000005
2008,616.4,95.5,17.7,728.9
2009,677.4,98,17.2,791.9
2010,715.7,91.7,17.100000000000001,823.7
